﻿regiao;uf;estados;coduf;codmun;codRegiaoSaude;nomeRegiaoSaude;data;semanaEpi;populacaoTCU2019;casosAcumulado;casosNovos;obitosAcumulado;obitosNovos;Recuperadosnovos;emAcompanhamentoNovos;interior/metropolitana
Norte;AC;ACRE;12;;;;19/09/2020;38;881935;27061;119;648;1;;;
Nordeste;AL;ALAGOAS;27;;;;19/09/2020;38;3337357;83950;652;2014;6;;;
Norte;AM;AMAZONAS;13;;;;19/09/2020;38;4144597;131573;1214;3956;6;;;
Norte;AP;AMAPÁ;16;;;;19/09/2020;38;845731;46738;137;691;1;;;
Nordeste;BA;BAHIA;29;;;;19/09/2020;38;14873064;294210;2191;6221;40;;;
Nordeste;CE;CEARÁ;23;;;;19/09/2020;38;9132078;233600;998;8801;11;;;
Centro-Oeste;DF;DISTRITO FEDERAL;53;;;;19/09/2020;38;3015268;183096;1177;3048;11;;;
Sudeste;ES;ESPÍRITO SANTO;32;;;;19/09/2020;38;4018650;123720;448;3408;4;;;
Centro-Oeste;GO;GOIÁS;52;;;;19/09/2020;38;7018354;182856;1930;4135;43;;;
Nordeste;MA;MARANHÃO;21;;;;19/09/2020;38;7075181;167333;753;3643;11;;;
Sudeste;MG;MINAS GERAIS;31;;;;19/09/2020;38;21168791;268009;2824;6656;82;;;
Centro-Oeste;MS;MATO GROSSO DO SUL;50;;;;19/09/2020;38;2778986;63466;649;1162;14;;;
Centro-Oeste;MT;MATO GROSSO;51;;;;19/09/2020;38;3484466;112242;614;3214;14;;;
Norte;PA;PARÁ;15;;;;19/09/2020;38;8602865;220205;985;6451;13;;;
Nordeste;PB;PARAÍBA;25;;;;19/09/2020;38;4018127;116588;622;2695;11;;;
Nordeste;PE;PERNAMBUCO;26;;;;19/09/2020;38;9557071;141042;807;8004;33;;;
Nordeste;PI;PIAUÍ;22;;;;19/09/2020;38;3273227;90061;618;2025;13;;;
Sul;PR;PARANÁ;41;;;;19/09/2020;38;11433957;163479;1557;4093;26;;;
Sudeste;RJ;RIO DE JANEIRO;33;;;;19/09/2020;38;17264943;251261;1463;17634;59;;;
Nordeste;RN;RIO GRANDE DO NORTE;24;;;;19/09/2020;38;3506853;66963;308;2348;7;;;
Norte;RO;RONDONIA;11;;;;19/09/2020;38;1777225;62697;202;1297;3;;;
Norte;RR;RORAIMA;14;;;;19/09/2020;38;605761;48088;396;613;0;;;
Sul;RS;RIO GRANDE DO SUL;43;;;;19/09/2020;38;11377239;174140;3391;4371;53;;;
Sul;SC;SANTA CATARINA;42;;;;19/09/2020;38;7164788;205250;1084;2635;8;;;
Nordeste;SE;SERGIPE;28;;;;19/09/2020;38;2298696;75772;108;1976;4;;;
Sudeste;SP;SÃO PAULO;35;;;;19/09/2020;38;45919049;931673;7141;33927;249;;;
Norte;TO;TOCANTINS;17;;;;19/09/2020;38;1572866;63167;669;866;16;;;
Brasil;;;76;;;;19/09/2020;38;210147125;4528240;33057;136532;739;3820095;571613;
